id,codigo,name
1,960113,PERSONA JURIDICA LEGALMENTE CONSTITUIDAS
41,101001,EXTRACCION Y AGLOMERACION DE CARBON DE PIEDRA
42,111001,EXTRACCION DE PETROLEO CRUDO Y GAS NATURAL
43,120001,EXTRACCIÓN DE MINERALES DE URANIO Y TORIO
44,141001,"EXTRACCION DE PIEDRA, ARENA Y ARCILLA"
45,142101,EXTRACCION DE MINERALES Y SUSTANCIAS PARA LA FABRICACION DEABONOS
46,142201,EXTRACCION DE SAL
47,142901,EXPLOTACION DE OTRAS MINAS Y CANTERAS N.C.P.
48,142902,VENTA DE ASFALTO/MEZCLA ASFALTICA
49,151101,"ELABORACION Y CONSERVACIÓN DE CARNE Y EMBUTIDOS DE GANADO VACUNO, PORCINO Y DE AVES"
50,151102,OPERACIÓN DE MATADEROS QUE REALIZAN ACTIVIDADES DE MATANZA DE ANIMALES
51,151103,PRODUCCION DE CUEROS Y PIELES SIN CURTIR
52,151105,"PRODUCCION Y VENTA DE EMBUTIDOS EMPACADOS, ENVASADO Y ENLATADO"
53,151201,"ELABORACIÓN Y CONSERVACIÓN DE PESCADO, CRUSTÁCEOS Y MOLUSCOS"
54,151301,"ELABORACION Y CONSERVACION DE FRUTAS, LEGUMBRES Y HORTALIZAS"
55,151304,PRODUCCIÓN DE CONCENTRADOS PARA JUGOS (CITRICULTURA)
56,151401,ELABORACION Y VENTA DE ACEITES Y GRASAS DE ORIGEN VEGETAL Y ANIMAL
57,152001,PRODUCCIÓN DE HELADOS Y OTROS PRODUCTOS SIMILARES
58,152002,ELABORACIÓN Y VENTA DE PRODUCTOS LÁCTEOS NO INCLUIDOS EN CANASTA BÁSICA
59,152003,ELABORACIÓN DE PRODUCTOS DE MOLINERÍA NO INCLUIDOS CANASTA BÁSICA
60,153101,SERVICIO DE MOLIENDA
61,153102,ELABORACIÓN DE PRODUCTOS DE MOLINERÍA NO INCLUIDOS CANASTA BÁSICA
62,153103,BENEFICIO DE ARROZ
63,153104,ELABORACIÓN DE PRODUCTOS DE MOLINERÍA INCLUIDOS EN CANASTA BÁSICA
64,153201,ELABORACION DE PRODUCTOS DERIVADOS DE ALMIDON
65,153301,ELABORACION DE ALIMENTOS PARA ANIMALES DESTINADOS AL CONSUMO HUMANO
66,153302,ELABORACION DE PACAS DE HENO
67,154101,VENTA DE PAN Y OTROS PRODUCTOS SIMILARES GRAVADOS CON IVA
68,154102,ELABORACIÓN Y VENTA DE PRODUCTOS DE PANADERIA NO INCLUIDOS EN CANASTA BÁSICA
69,154104,ELABORACIÓN Y VENTA DE PRODUCTOS DE PANADERIA INCLUIDOS EN CANASTA BÁSICA
70,154201,ELABORACIÓN Y VENTA DE AZUCAR Y PRODUCTOS DERIVADOS DE LA CAÑA DE AZUCAR
71,154301,ELABORACION DE CACAO
72,154302,ELABORACIÓN DE CHOCOLATE
77,154303,"ELABORACION DE DULCES, GOLOSINAS Y CONSERVAS EN AZUCAR"
78,154401,"ELABORACIÓN DE MACARRONES, FIDEOS, ALCUZCUZ Y PRODUCTOS FARINÃCEOS SIMILARES"
79,154402,"ELABORACIÓN DE MACARRONES, FIDEOS, ALCUZCUZ PRODUCTOS FARINÁCEOS SIMILARES INCLUIDOS EN CANASTA BÁSICA"
80,154902,FABRICACION DE PRODUCTOS ALIMENTICIOS PREPARADOS N.C.P. (NO CONTEMPLADOS EN OTRA
81,154903,FABRICACIÓN DE HIELO
82,154904,"FABRICACIÓN DE CAFE (EXCEPTO EL ENVASADO, ENLATADO, SOLUBLEY EL DESCAFEINADO)"
83,154905,ELABORACION DE PRODUCTOS DE MAIZ EXENTOS DE IVA
84,154908,ELABORACION DE PRODUCTOS DE MAIZ GRAVADOS CON IVA
85,155101,ELABORAC. RECTIFICAC MEZCLA BEBIDAS ALCOHOLICAS/PROD. DE ALCOHOL ETILICO (SUSTAN
86,155103,ELABORACION DE BEBIDAS CON PORCENTAJE DE ALCOHOL POR VOLUMEN MENOR AL 15%.
87,155301,ELABORACION DE BEBIDAS MALTEADAS Y DE MALTA NO ARTESANALES
88,155302,ELABORACION ARTESANAL DE BEBIDAS MALTEADAS Y DE MALTA.
89,155403,ELABORACION DE BEBIDAS NOALCOHOLICAS/GASEOSAS/AGUA MINERAL Y DE MANANTIAL
90,155404,ELABORACION DE CONCENTRADO PARA BEBIDAS NATURALES Y GASEOSAS
91,160001,ELABORACION DE PRODUCTOS DE TABACO
92,171101,FABRICACION DE TODO TIPO DE TELAS Y/O HILOS
93,171201,MAQUILA DE PRODUCTOS TEXTILES
94,171202,HIDROFUGADO/IMPERMEABILIZADO
95,172101,"FABRICACION DE ARTICULOS CONFECCIONADOS DE MATERIALES TEXTILES, EXEPTO PRENDAS D"
96,172103,DISEÑO ARTISTICO PARA COSTURA (MOLDES)
97,172201,FABRICACION DE TAPICES Y ALFOMBRAS
98,172301,"FABRICACION DE CUERDAS, CORDELES,BRAMANTES Y REDES"
99,172302,FABRICACION DE HILOS Y CUERDAS PARA USO AGRICOLA Y PESCA
100,172902,SERVICIO DE BORDADO A MANO O A MAQUINA
101,173001,FABRICACION DE TEJDOS Y ARTICULOS DE PUNTO Y GANCHILLO
102,181001,SERVICIOS DE COSTURA Y SASTRERIA (COSTURERAS Y SASTRES)
103,181002,FABRICACION DE PRENDAS DE VESTIR (ROPA DE TODO TIPO)
104,182001,ADOBO Y TEÑIDO DE PIELES; FABRICACIÓN DE ARTÍCULOS DE PIEL NATURAL O ARTIFICIAL
105,191101,"FABRICACIÓN DE MALETAS, BOLSOS DE MANO Y ARTICULOS SIMILARES"
106,192001,FABRICACION DE TODO TIPO DE ZAPATOS EXEPTO EL ORTOPEDICO
107,201002,ASERRADO Y ACEPILLADURA DE MADERA
108,202101,FABRICACIÓN DE HOJAS DE MADERA PARA ENCHAPADO Y TABLEROS COMO PLYWOOD DURPANEL
109,202201,FABRICACION DE PARTES Y PIEZAS DE CARPINTERIA PARA EDIFICIOS Y CONSTRUCCIONES
110,202301,FABRICACIÓN DE TARIMAS
111,202902,"FABRICACIÓN Y/O VENTA DE ATAUDES (CAJAS MORTUORIAS, FERETROS)."
112,210101,FABRICACION DE PAPEL Y CARTON Y ENVASES DE PAPEL Y CARTON
113,210201,FABRICACION DE OTROS ARTICULOS DE PAPEL Y CARTON
114,221101,EDICION DE LIBROS DE TEXTOS
115,221201,"EDICION DE PERIODICOS, REVISTASY OTRAS PUBLICACIONES PERIODICAS"
116,221901,ARTES GRáFICAS
117,222102,TIPOGRAFIA Y/O LITOGRAFIA (IMPRENTA)
118,222104,IMPRESION DIGITAL
119,222105,SERIGRAFIA
120,223001,REPRODUCCION DE GRABACIONES
121,232001,REFINERIAS DE PETROLEO
122,232002,FABRICACIÓN DE PRODUCTOS DIVERSOS DERIVADOS DEL PETROLEO
123,232005,ELABORACION DE BIOCOMBUSTIBLES
124,241101,FABRICACION DE SUSTANCIAS QUIMICAS Y GASES INDUSTRIALES EXCEPTO ABONOS
125,241201,FABRICACION DE ABONOS Y COMPUESTOS DE NITROGENO (ORGANICOS Y QUIMICOS)
126,241301,FABRICACION DE PLASTICOS Y CAUCHO SINTETICO EN FORMAS PRIMARIAS
127,241302,FABRICACIÓN DE RESINAS
128,242101,FABRICACION DE PLAGUICIDAS Y OTROS PRODUCTOS QUIMICOS DE USO AGROPECUARIO
129,242201,"FABRICACIÓN DE PINTURAS, BARNICES Y PRODUCTOS DE REVESTIMI-TO SIMILARES"
130,242202,FABRICACION DE TINTAS DE IMPRENTAS
131,242301,"FABRICACIÓN PRODUCTOS FARMACEUTICOS, SUSTANCIAS QUÍMICAS Y PRODUCTOS BOTANICOS"
132,242401,"FABRICACION JABONES, DETERGENTES, PREPARADOS DE TOCADOR, PARA LIMPIAR PULIR"
133,242404,FABRICACION DE JABONES DE TOCADOR
134,242405,FABRICACION DE JABONES PARA LAVAR (EXCEPTO PREPARACIONES TENSO ACTIVAS USADAS
135,242406,"FABRICACION DE CERAS, ABRILLANTADORES, LUSTRADORES Y PREPARACIONES SIMILARES"
136,242901,FABRICACION DE OTROS PRODUCTOS QUIMICOS.
137,242902,FABRICACION DE PEGAMENTOS Y ADHESIVOS
138,242903,REPARACION DE ARMAS DE FUEGO
139,243001,FABRICACION DE FIBRAS SINTETICAS
140,251101,FABRICACION DE LLANTAS Y CUBIERTAS PARA EQUIPO Y MAQUINARIAMOVIL
141,251102,REENCAUCHADORA DE LLANTAS
142,251901,FABRICACIÓN DE OTROS PRODUCTOS DE CAUCHO
143,252001,FABRICACION DE ARTICULOS DE PLASTICO
144,261001,FABRICACION DE VIDRIO Y PRODUCTOS DE VIDRIO
145,269101,FABRICACIÓN PRODUCTOS DE CERÁMICA BARRO LOZA Y/O PORCELANANO REFRACTARIA USO NO ESTRUCTURAL
146,269201,FABRICACION DE PRODUCTOS DE CERAMICA REFRACTARIA
147,269301,FABRICACIÓN DE PRODUCTOS DE ARCILLA Y CERÁMICA NO REFRACTARIAS PARA USO ESTRUCTURAL
148,269401,"FABRICACIÓN Y/O VENTA DE CEMENTO, CAL Y YESO"
149,269501,"FABRICACION DE ARTICULOS DE CEMENTO, YESO Y HORMIGON PARA LA CONSTRUCCION"
150,269601,"CORTE, TALLADO Y ACABADO DE LA PIEDRA"
151,269901,FABRICACIÓN DE OTROS PRODUCTOS MINERALES NO METALICOS N.C.P.
156,271001,INDUSTRIAS BÁSICAS DE HIERRO Y ACERO
157,272001,FABRICACIÓN DE PRODUCTOS PRIMARIOS DE METALES PRECIOSOS Y METALES NO FERROSOS
158,273101,FUNDICION DE HIERRO Y ACERO
159,273201,FUNDICIÓN DE METALES NO FERROSOS
160,281101,FABRICACION DE PRODUCTOS METALICOS PARA USO ESTRUCTURAL
161,281201,"FABRICACIÓN DE TANQUES, DEPÓSITOS Y RECIPIENTES DE METAL"
162,281301,"FABRICACIÓN GENERADORES DE VAPOR, EXCEPTO CALDERAS DE AGUA CALIENTE PARA CALEFACCIÓN"
163,289201,SERVICIOS DE SOLDADURA
164,289202,SERVICIO DE TRATAMIENTO Y REVESTIMIENTO DE TODO TIPO DE MATERIALES
165,289302,HOJALATERIA
166,289304,TALLER DE MECáNICA DE PRECISIÓN
167,289305,"FABRICACION DE PIEZAS, ARTICULOS Y ACCESORIOS DE METAL INCLUYE LAS CERRAJERIAS."
168,289306,SERVICIOS DE TORNO (MECANICA DE PRECISION)
169,289902,FABRICACIÓN DE OTROS PRODUCTOS ELABORADOS DE METAL N.C.P.
170,290001,SERVICIO DE REPARACION DE MAQUINARIA EQUIPO.
171,290003,SERVICIO DE MANTENIMIENTO DE MAQUINARIA Y EQUIPO.
172,291101,"FABRICACIÓN DE MOTORES Y TURBINAS, EXCEPTO MOTORES PARA AERONAVES, VEHÍCULOS AUT"
173,291201,"FABRICACIÓN DE BOMBAS, COMPRESORES, GRIFOS Y VÁLVULAS"
174,291202,VENTA DE BOMBAS DE AGUA
175,291401,FABRICACIÓN DE HORNOS Y QUEMADORES
176,291901,REPARACION DE EQUIPO DE REFRIGERACION Y CONGELACION
177,291903,INSTALACION Y/O MANTENIMIENTO DE EQUIPO DE REFRIGERACION Y CONGELACION
178,292101,FABRICACION DE MAQUINARIA AGRICOLA
179,292201,FABRICACIÓN DE MÁQUINAS HERRAMIENTA
180,292301,FABRICACIÓN DE MAQUINARIA METALURGICA
181,292401,FABRICACIÓN DE MAQUINARIA PARA LA EXPLOTACIÓN DE MINAS Y CANTERAS
182,292402,PERFORACION DE POZOS
183,292501,"FABRICACIÓN DE MAQUINARIA PARA LA ELABORACIÓN DE ALIMENTOS,BEBIDA Y TABACO"
184,292601,"FABRICACIÓN MAQUINARIA PARA LA ELABORACIÓN DE PRODUCTOS TEXTILES, PRENDAS DE VES"
185,292701,FABRICACIÓN DE ARMAS Y MUNICIONES
186,292901,FABRICACIÓN DE OTROS TIPOS DE MAQUINARIA DE USO ESPECIAL
187,293001,FABRICACIÓN DE APARATOS DE USO DOMÉSTICO N.C.P.
188,300001,"FABRICACIÓN DE MAQUINARIA DE OFICINA, CONTABILIDAD E INFORMÁTICA"
189,311001,"FABRICACION DE MOTORES, GENERADORES Y TRANSFORMADORES ELECTRICOS, PARTES Y ACCESORIOS"
190,313001,FABRICACIÓN DE HILOS Y CABLES AISLADOS
191,314001,"FABRICACION DE PILAS, BATERIAS Y ACUMULADORES"
192,315001,FABRICACION DE LAMPARAS ELECTRICAS Y EQUIPO DE ILUMINACION
193,319001,FABRICACIÓN DE OTROS TIPOS DE EQUIPO ELÉCTRICO N.C.P.
194,321001,MANUFACTURA O FABRICACION DE OTROS COMPONENTES ELECTRONICOS
195,321002,DISEÑO DE COMPONENTES ELECTRONICOS
196,322001,FABRICACION DE TRANSMISORES Y RECEPTORES DE RADIO Y TELEVISION
197,331101,FABRICACION DE PROTESIS EN GENERAL
198,331102,FABRICACION Y COMERCIALIZACION DE EQUIPO MEDICO
199,331103,FABRICACION Y COMERCIALIZACION DE ZAPATOS ORTOPEDICOS
200,331201,"FABRICACIÓN DE EQUIPOS PARA MEDIR, VERIFICAR, Y NAVEGAR Y DE EQUIPOS DE CONTROL"
201,332001,FABRICACIÓN DE INSTRUMENTOS OPTICOS Y EQUIPO FOTOGRÁFICO
202,333001,FABRICACION DE RELOJES DE TODO TIPO
203,341001,FABRICACIÓN DE VEHÍCULOS AUTOMOTORES
204,342001,"FABRICACIÓN DE CARROCERÍAS PARA VEHÍCULOS AUTOMOTORES, REMOLQUES Y SEMIREMOLQUES"
205,34200,2 FABRICACION DE CARROCERIAS PARA CAMIONES DE LAS PARTIDAS ARANCELARIAS 870790002
206,343001,"FABRICACIÓN DE PARTES, PIEZAS Y ACCESORIOS PARA VEHÍCULOS AUTOMOTORES"
207,351101,SERVICIO DE REPARACION DE EMBARCACIONES Y SUS PARTES Y/O ESTRUCTURAS FLOTANTES
208,351102,CONSTRUCCION DE EMBARCACIONES Y ESTRUCTURAS FLOTANTES
209,351103,VENTA DE EMBARCACIONES DE MOTOR Y VELA
210,352001,FABRICACIÓN DE LOCOMOTORAS Y MATERIAL RODANTE PARA FERROCARRILES Y TRANVÍAS
211,353001,FABRICACIÓN DE AERONAVES Y NAVES ESPACIALES Y MAQUINARIA CONEXA
212,359101,"FABRICACIÓN DE MOTOCICLETAS, PARTES, PIEZAS Y SUS ACCESORIOS"
213,359201,"FABRICACION DE BICICLETAS Y SILLAS DE RUEDAS, PARTES, PIEZAS Y SUS ACCESORIOS"
214,359901,FABRICACIÓN DE OTROS TIPOS DE EQUIPO DE TRANSPORTE N.C.P.
215,361001,FABRICACION Y/O REPARACION DE MUEBLES Y ACCESORIOS (INCLUYECOLCHONES)
216,361002,REPARACIÓN DE TAPICERÍA
217,361004,MAQUILA DE MUEBLES
218,369101,"FABRICACIÓN DE JOYAS, BISUTERIA Y ARTÍCULOS CONEXOS"
219,369201,"FABRICACION DE INSTRUMENTOS MUSICALES, PARTES Y PIEZAS Y SUS ACCESORIOS"
220,369301,FABRICACIÓN DE ARTICULOS DE DEPORTE
221,369401,FABRICACION DE JUEGOS Y JUGUETES
222,369901,FABRICACIÓN DE ESCOBAS
223,369902,"FABRICACIÓN DE VELAS (CANDELAS) EXCEPTO LAS PERFUMADAS, COLOREADAS Y DECORADAS."
224,369903,"FABRICACIÓN DE VELAS COLOREADAS, PERFUMADAS Y DECORADAS"
225,369904,"FABRICACION DE SELLOS DE MANO, METAL o HULE (CAUCHO)"
226,371001,RECICLAJE DE DESPERDICIOS Y DESECHOS METáLICOS
227,372001,RECICLAJE DE OTRO TIPO DE MATERIALES N.C.P.
228,372003,RECICLAJE DE PAPEL Y PLASTICO Y MATERIALES RELACIONADOS
229,401002,"GENERACIÓN Y/O DISTRIBUCION DE ENERGIA ELECTRICA (HIDRAULICA,CONVENCIO TERMI"
230,401004,"FABRICACION, ENSAMBLE Y VENTA DE SISTEMAS PARA EL APROVECHAMIENTO DE ENERGIAS RE"
235,402001,FABRICACIÓN DE GAS; DISTRIBUCIÓN DE COMBUSTIBLES GASEOSOS POR TUBERÍAS
236,402002,INSTALACION Y VENTA DE TANQUES PARA GAS
237,403001,SUMINISTRO DE VAPOR Y AIRE ACONDICIONADO
238,410001,"CAPTACION, TRATAMIENTO Y DISTRIBUCION DE AGUA"
239,451001,DEMOLICION DE EDIFICIOS Y OTRAS ESTRUCTURAS
240,451002,PREPARACIÓN DE TERRENOS
241,452002,"CONSTRUCCION DE EDIFICIOS, APARTAMENTOS, CONDOMINIOS Y CASAS DE HABITACION"
242,452003,"MANTENIMIENTO, REPARACION Y AMPLIACIONES DE EDIFICIOS, APARTAMENTOS, CONDOMINIOS"
243,452005,CONSTRUCCION Y MANTENIMIENTO DE CARRETERAS Y OTRAS VIAS
244,452006,ACTIVIDADES DE CONSTRUCCION ESPECIALES
245,453001,REPARACION DE AIRE ACONDICIONADO
246,453002,REPARACIÓN DE ASCENSORES(ELEVADORES)
247,453003,VENTA E INSTALACION DE ALARMAS Y OTROS SISTEMAS ELECTRICOS
248,453004,REPARACION DE CABLEADO DE COMUNICACIONES
249,453005,INSTALACIÓN DE ALARMAS Y OTROS SISTEMAS DE SEGURIDAD
250,453006,INSTALACION Y MANTENIMIENTO DE AIRE ACONDICIONADO
251,453007,INSTALACION Y MANTENIMIENTO DE ASCENSORES (ELEVADORES)
252,453008,INSTALACION Y MANTENIMIENTO DE CABLEADO DE COMUNICACIONES Y/O ENERGIA ELECTRICA
253,453009,REPARACION DE PORTONES ELECTRICOS
254,453010,INSTALACION Y MANTENIMIENTO DE PORTONES ELECTRICOS
255,453011,INSTALACION Y MANTENIMIENTO DE CONMUTADORES Y OTROS SISTEMAS PARA TELECOMUNICACI
256,454001,SERVICIOS DE TERMINACIÓN Y ACABADO DE EDIFICIOS
257,455001,ALQUILER DE EQUIPO DE CONSTRUCCION O DEMOLICION CON OPERADORES
258,501001,VENTA AL POR MAYOR Y MENOR DE VEHICULOS NUEVOS Y/O USADOS (PARTIDAS ARANCELARIAS 8702 Y 8704)
259,501002,"VENTA AL POR MAYOR Y MENOR DE VEHICULOS NUEVOS Y/O USADOS, EXCEPTO PARTIDAS ARANCELARIAS 8702 Y 8704"
260,502001,"LAVADO, ENCERADO Y PULIDO DE AUTOMOVILES (LAVA CAR)"
261,502002,SERVICIOS DE ALINEAMIENTO Y REPARACIÓN DE LLANTAS
262,502003,SERVICIO DE REPARACION DE TODA CLASE DE VEHICULOS Y SUS PARTES
263,502004,SERVICIO DE ENDEREZADO Y PINTURA PARA TODA CLASE DE VEHICULO
264,502007,AUTODECORACIÓN
265,502008,SERVICIO DE REVISION TECNICA VEHICULAR(DIAGNOSTICOS POR ESCANER)
266,503002,VENTA DE REPUESTOS USADOS PARA AUTOMOVILES
267,503004,VENTA DE REPUESTOS NUEVOS PARA AUTOMOVILES
268,503005,COMERCIALIZACION DE LLANTAS (NEUMATICAS) PARA VEHICULOS AUTOMOTORES
269,503006,ACTIVIDADES DE DESARME DE VEHICULOS Y VENTA DE REPUESTOS
270,504001,VENTA DE MOTOCICLETAS
271,504003,VENTA DE PARTES O ACCESORIOS DE MOTOCICLETAS
272,504004,SERVICIO DE REPARACION DE TODA CLASE DE MOTOCICLETAS Y SUS PARTES
273,505001,VENTA DE COMBUSTIBLES (CONOCIDAS COMO GASOLINERAS O BOMBAS)
274,505002,"VENTA DE LUBRICANTES, ACEITES, GRASAS Y PRODUCTOS DE LIMPIEZA PARA AUTOMOTORES"
275,505003,COMERCIO DE COMBUSTIBLE SIN PUNTO FIJO (PEDDLER)
276,511001,"COMISIONISTAS, AGENTES DE VENTAS, ORGANIZADORES DE SUBASTAS,TIQUETERAS ETC."
277,512102,VENTA AL POR MAYOR DE FLORES Y PLANTAS DE TODO TIPO
278,512201,VENTA AL POR MAYOR DE OTROS ALIMENTOS INCLUIDOS EN CANASTA BÁSICA
279,512202,VENTA AL POR MAYOR DE FRUTAS Y VERDURAS FRESCAS INCLUIDAS EN CANASTA BÁSICA
280,512204,COMERCIO AL POR MAYOR DE PRODUCTOS LáCTEOS
281,512208,COMERCIO AL POR MAYOR DE PRODUCTOS DE CONFITERÍA
282,512209,COMERCIO AL POR MAYOR DE PRODUCTOS DE TABACO
283,512210,COMERCIO AL POR MAYOR DE BEBIDAS CON CONTENIDO ALCOHOLICO (IMPORTADORES)
284,512211,COMERCIO AL POR MAYOR DE OTROS ALIMENTOS N.C.P. GRAVADOS CON IVA
285,512213,COMERCIO AL POR MAYOR DE BEBIDAS GASEOSAS Y CARBONATADAS
286,512214,"VENTA AL POR MAYOR DE CAFE (EXCEPTO EL ENVASADO, ENLATADO, SOLUBLE, DESCAFEINADO"
287,512217,COMERCIO AL POR MAYOR DE VINOS. BEBIDAS FERMENTADAS Y NO FERMENTADAS
288,512225,"COMERCIO AL POR MAYOR DE BEBIDAS NO ALCOHOLICAS (JUGOS DEFRUTAS, VEGETALES) Y AG"
289,512232,COMERCIO AL POR MAYOR DE PRODUCTOS SUSTITUTOS DEL AZUCAR
290,512233,VENTA AL POR MAYOR DE CARNES Y PRODUCTOS CÁRNICOS
291,512234,COMERCIO AL POR MAYOR DE CERVEZA IMPORTADA
292,512235,VENTA AL POR MAYOR DE FRUTAS Y VERDURAS FRESCAS NO INCLUIDAS EN CANASTA BÁSICA
293,513101,"VENTA AL POR MAYOR DE CALZADO, PRODUCTOS TEXTILES; PRENDAS DE VESTIR"
294,513501,VENTA AL POR MAYOR DE PREPARADOS Y/O ARTICULOS PARA LA LIMPIEZA DE USO GENERAL
295,513602,VENTA AL POR MAYOR DE PRODUCTOS VETERINARIOS GRAVADOS CON IVA
296,513604,VENTA AL POR MAYOR EQUIPO MÉDICO ACCESORIO MEDICAMENTO PRODUC FARMACEUTICO GRAVADOS IVA
297,513710,VENTA AL POR MAYOR DE LIBROS (EXCEPTO EN MEDIOS ELECTRÓNICOS)
298,513901,VENTA AL POR MENOR DE ARTICULOS DEPORTIVOS
299,513904,VENTA AL POR MAYOR DE SUMINISTROS Y ARTÍCULOS DE LIBRERÍA
300,513906,"VENTA AL POR MAYOR DE ARTICULOS, ARTEFACTOS, DISCOS Y MUEBLES PARA EL HOGAR"
301,513907,VENTA AL POR MAYOR DE DISCOS COMPACTOS Y OTROS DISPOSITIVOSDE GRABACION
302,513910,VENTA AL POR MAYOR DE TODO TIPO DE ARTICULOS POR CATALOGO
303,514101,VENTA AL POR MAYOR DE COMBUSTIBLES SOLIDOS (LENA Y SIMILARES)
304,514103,VENTA AL POR MAYOR DE COMBUSTIBLES SOLIDOS (CARBON)
305,514201,VENTA AL POR MAYOR DE METALES Y MINERALES METALIFEROS
306,514304,VENTA AL POR MAYOR DE EQUIPO DE AIRE ACONDICIONADO Y CALENTADORES (ELECTRICOS)
307,514308,"VENTA AL POR MAYOR DE MATERIALES PARA LA CONTRUCCION, ARTICULOS DE FERRETERIA,"
308,514701,"VENTA AL POR MAYOR DE PRODUCTOS,SUSTANCIAS O REACTIVOS QUIMICOS Y SOLVENTES"
309,514901,VENTA AL POR MAYOR Y AL POR MENOR DE CHATARRA
314,514903,VENTA AL POR MAYOR DE PRODUCTOS PARA USO AGROPECUARIO Y VENTA DESECHOS ORGANICOS
315,515001,"VENTA AL POR MAYOR DE MAQUINARIA Y EQUIPO INDUSTRIAL, DE CONSTRUCCION, INGENIERIA"
316,515002,VENTA AL POR MAYOR DE REPUESTOS Y/O ACCESORIOS PARA MAQUINARIA Y EQUIPO AGROPECUARIO
317,515003,VENTA AL POR MAYOR DE MAQUINARIA Y EQUIPO AGROPECUARIO
318,515004,VENTA AL POR MAYOR DE EXTINTORES Y EQUIPO SIMILAR
319,515201,"VENTA AL POR MAYOR DE EQUIPO DE COMPUTO, SUS PARTES Y ACCESORIOS"
320,515203,VENTA AL POR MAYOR DE EQUIPO Y SUMINISTROS DE OFICINA
321,519003,"VENTA AL POR MAYOR DE EQUIPO, ARTICULOS Y ACCESORIOS DE BELLEZA, COSMETICOS E HIGIENE"
322,519005,VENTA AL POR MAYOR DE EQUIPO PARA CAMPO DE JUEGOS (PLAY)
323,519006,DISTRIBUCION Y COMERCIALIZACION AL POR MAYOR DE MATERIAL DEEMPAQUE
324,519010,COMERCIALIZACION Y DISTRIBUCION AL POR MAYOR DE ALIMENTOS PREPARADOS PARA ANIMAL
325,519011,COMERCIO AL POR MAYOR DE EQUIPO Y ACCESORIOS PARA PESCA DEPORTIVA O ARTESANAL
326,519013,COMERCIALIZACION AL POR MAYOR DE SUPLEMENTOS ALIMENTICIOS
327,519014,VENTA AL POR MAYOR DE POLEN Y/O SEMILLAS PARA USO AGRICOLA
328,519015,VENTA AL POR MAYOR DE OTROS PRODUCTOS NO ESPECIALIZADOS
329,519016,VENTA AL POR MAYOR DE ARTICULOS Y ACCESORIOS ELECTRONICOS
330,521101,"VENTA AL POR MENOR EN SUPERMERCADOS, ALMACENES Y SIMILARES DE PRODUCTOS ALIMENTICIOS"
331,521102,"VENTA AL POR MENOR DE ESPECIAS, SALSAS Y CONDIMENTOS"
332,521201,VENTA AL POR MENOR EN TIENDAS POR DEPARTAMENTOS
333,521202,PULPERÍAS (MINI-SUPER)(SIN CANTINA)
334,521901,VENTA AL POR MENOR EN TIENDAS POR DEPARTAMENTOS
335,522001,COMERCIO AL POR MENOR DE CONFITES Y OTROS PRODUCTOS RELACIONADOS (CONFITERIA)
336,522002,"VENTA AL POR MENOR DE CARNE DE BOVINO, PORCINO Y AVES (ADEMAS EMBUTIDOS), INCLUIDOS EN CANASTA BÁSICA"
337,522003,MACROBIóTICAS
338,522004,VENTA AL POR MENOR DE PRUTAS Y VERDURAS FRESCAS INCLUIDAS EN CANASTA BÁSICA
339,522005,VENTA AL POR MENOR DE PESCADOS INCLUIDOS EN CANASTA BÁSICA
340,522007,LICORERÍAS Y/O DEPOSITO DE LICORES (VENTA AL POR MENOR)
341,522008,VENTA AL POR MENOR DE HUEVOS DE GALLINA INCLUIDOS EN LA CANASTA BASICA
342,522009,"VENTA AL POR MENOR DE PRUTAS Y VERDURAS FRESCAS, NO INCLUIDAS EN CANASTA BÁSICA"
343,522011,"PREPARACIÓN, SERVICIO Y VENTA DE FRUTAS PICADAS Y BEBIDAS DE FRUTAS Y/O LEGUMBRE"
344,522012,COMERCIO AL POR MENOR DE BEBIDAS GASEOSAS Y CARBONATADAS
345,522013,COMERCIO AL POR MENOR DE AGUA EMBOTELLADA
346,522016,COMERCIO AL POR MENOR DE PRODUCTOS DE TABACO
347,522017,"VENTA AL POR MENOR DE CARNE DE BOVINO, PORCINO Y AVES (ADEMAS EMBUTIDOS) NO INCLUIDOS EN CANASTA BÁSICA"
348,522018,"VENTA AL POR MENOR DE PESCADOS Y MARISCOS, ASI COMO OTROS PRODUCTOS DE ORIGEN MARINO"
349,522020,VENTA AL POR MENOR DE OTROS ALIMENTOS INCLUIDOS EN CANASTA BÁSICA
350,522021,VENTA AL POR MENOR DE OTROS ALIMENTOS NO INCLUIDOS EN CANASTA BÁSICA
351,523101,FARMACIAS
352,523102,VENTA AL POR MENOR DE COSMETICOS Y PERFUMERIA
353,523103,VENTA AL POR MENOR DE PROTESIS EN GENERAL
354,523201,BAZARES
355,523202,VENTA AL POR MENOR DE ROPA (BOUTIQUE)
356,523203,VENTA AL POR MENOR DE CALZADO (ZAPATAERIAS)
357,523204,PASAMANERÍAS
358,523205,"VENTA AL POR MENOR DE PRENDAS DE VESTIR, ROPAY ZAPATOS (TIENDAS)"
359,523206,SERVICIO DE FOTOCOPIADORA
360,523207,VENTA AL POR MENOR DE ARTICULOS DE CUERO (EXCEPTO CALZADO)
361,523208,VENTA AL POR MENOR DE PRODUCTOS TEXTILES (TELAS)
362,523209,VENTA AL POR MENOR DE MATERIALES PARA CALZADO
363,523301,COMERCIO AL POR MENOR DE OBJETOS DE CERAMICA Y PORCELANA
364,523302,VENTA AL POR MENOR DE CRISTALERÍA
365,523303,"VENTA AL POR MENOR DE DISCOS, CD'S Y OTROS SIMILARES"
366,523304,"VENTA AL POR MENOR DE ELECTRODOMESTICOS, MUEBLES Y ARTICULOS PARA EL HOGAR"
367,523306,VENTA AL POR MENOR DE ANTIGUEDADES
368,523308,"VENTA AL POR MENOR DE INSTRUMENTOS MUSICALES, PARTES Y ACCESORIOS"
369,523309,VENTA DE CUADROS PINTURAS HECHAS POR PINTORES NACIONALES Y EXTRANJEROS PRODUCIDO
370,523401,VENTA AL POR MENOR DE DEPóSITO DE MADERA
371,523402,VENTA AL POR MENOR ARTICULOS DE FERRETERÍA PINTURAS MADERA Y MATERIALES PARA LA CONSTRUCCION
372,523403,VENTA DE PINTURAS
373,523404,VENTA AL POR MENOR DE VIDRIO PARA LA CONSTRUCCION
374,523405,VENTA AL POR MENOR DE MATERIALES PARA LA CONSTRUCCION
375,523406,"VENTA AL POR MENOR DE ARTICULOS ELECTRONICOS, ELECTRICOS Y SIMILARES"
376,523407,VENTA AL POR MENOR DE PLYWOOD
377,523501,VENTA AL POR MENOR REALIZADA DENTRO DEL DEPÓSITO LIBRE COMERCIAL DE GOLFITO.
378,523601,"COMERCIO AL POR MENOR DE COMPUTADORAS, ACCESORIOS, MICROCOMPONENTES Y PAQUETES"
379,523701,LIBRERÍAS
380,523702,VENTA AL POR MENOR DE REVISTAS/PERIODICOS EN PUESTOS DE VENTAS 0 MERCADOS
381,523703,VENTA AL POR MENOR DE LIBROS (EXCEPTO EN MEDIOS ELECTRÓNICOS)
382,523801,VENTA AL POR MENOR DE ARMAS (ARMERIAS)
383,523803,VENTA AL POR MENOR DE MAQUINARIA Y EQUIPO DE TODO TIPO Y ARTICULOS CONEXOS
384,523805,"VENTA AL POR MENOR DE PURIFICADORES DE AGUA, SUS PARTES Y REPUESTOS"
385,523806,VENTA AL POR MENOR DE MAQUINARIA INDUSTRIAL USADA
386,523807,"VENTA AL POR MENOR DE REPUESTOS NUEVOS PARA MAQUINARIA, EQUIPO Y OTROS"
387,523808,"VENTA AL POR MENOR DE REPUESTOS USADOS PARA MAQUINARIA, EQUIPO Y OTROS"
388,523901,VENTA AL POR MENOR DE OTROS PRODUCTOS EN ALMACENES ESPECIALIZADOS
393,523902,VENTA AL POR MENOR DE SUMINISTROS Y/O EQUIPO DE OFICINA
394,523903,VENTA AL POR MENOR DE FLORES
395,523904,SERVICIOS DE REPARACION DE JOYERIA Y RELOJERIA EN GENERAL
396,523905,"VENTA AL POR MENOR DE JOYERÍA, RELOJERIA Y BISUTERIA"
397,523906,VENTA AL POR MENOR CELULARES ACCESORIOS EQUIPO Y ART PARA COMUNICACIONES
398,523907,FLORISTERIA
399,523908,COMERCIO AL POR MENOR DE ANIMALES DOMESTICOS PARA CONSUMO HUMANO
400,523909,VENTA DE PRODUCTOS DE ARTESANIA Y SOUVENIR
401,523910,VENTA AL POR MENOR DE JUGUETES Y/O ARTICULOS DE ESPARCIMIENTO
402,523911,VENTA AL POR MENOR DE OTROS PRODUCTOS NUEVOS EN COMERCIOS ESPECIALIZADOS NO INCLUIDOS EN CANASTA BÁSICA
403,523912,VENTA AL POR MENOR Y MAYOR DE PRODUCTOS E INSUMOS AGROPECUARIOS
404,523913,VENTA AL POR MENOR DE ANIMALES DOMESTICOS PARA MASCOTAS.
405,523915,DISTRIBUCION Y VENTA DE GAS EN CILINDRO
406,523916,COMERCIO AL POR MENOR DE ALIMENTOS Y PRODUCTOS N.C.P. EXENTOS DE IVA
407,523917,VENTA AL POR MENOR DE BICICLETAS Y SUS ACCESORIOS
408,523918,VENTA AL POR MENOR DE EQUIPO DE AUDIO Y VIDEO
409,523919,VENTA AL POR MENOR DE ARTICULOS Y ACCESORIOS ORTOPEDICOS
410,523920,VENTA AL POR MENOR DE ANTEOJOS Y ARTICULOS OPTICOS (OPTICA)
411,523921,"VENTA AL POR MENOR DE CAJAS REGISTRADORAS, CALCULADORAS O MAQUINAS DE CONTABILIDAD"
412,523922,VENTA AL POR MENOR DE POLEN Y SEMILLAS
413,523923,VENTA AL POR MENOR DE REPUESTOS PARA ELECTRODOMESTICOS
414,523925,VENTA AL POR MENOR DE EXTINTORES
415,523926,MANTENIMIENTO DE EXTINTORES
416,523927,REPARACION EQUIPO DE AUDIO Y VIDEO
417,523929,VENTA DE PERROS ENTRENADOS PARA SEGURIDAD
418,523930,VENTA AL POR MENOR DE PIEZAS DE BAMBU
419,523935,VENTA AL POR MENOR DE OTROS PRODUCTOS NUEVOS EN COMERCIOS ESPECIALIZADOS NO INCLUIDOS EN CANASTA BÁSICA
420,524001,VENTA DE TODO TIPO DE ARTICULOS USADOS
421,524002,CASA DE EMPEñO Y AFiN
422,524004,VENTA DE LIBROS USADOS
423,524005,"VENTA DE MONEDAS, BILLETES,ESTAMPILLAS (NUEVAS Y USADAS) PARA COLECCION"
424,525101,VENTA AL POR MENOR DE TODO TIPO DE ARTICULOS POR CATALOGO
425,525201,VENTA DE REVISTAS/PERIÓDICOS (PUESTOS CALLEJEROS)
426,525301,VENTA AL POR MENOR DE LOTERIA Y SIMILARES
427,525303,EMISIÓN DE LA LOTERIA NACIONAL Y SIMILARES
428,525901,VENTA DE ALFOMBRAS Y TAPICES
429,525902,VENTA AMBULANTE DE ARTICULOS PARA EL HOGAR
430,525903,VENTA DE LIBROS A DOMICILIO
431,525904,TRABAJOS DE MANUALIDADES
432,525905,"VENTA AL POR MENOR DE TARJETAS TELEFóNICAS, PINES, TIEMPO AIRE Y SIMILARES"
433,526001,SERVICIOS DE REPARACIÓN DE ZAPATOS
434,526002,REPARACION DE MUEBLES Y ACCESORIOS DOMESTICOS
435,526003,REPARACION DE BICICLETAS
436,526005,"ELECTRICISTA, SERVICIOS"
437,526006,REPARACION DE ARTICULOS ELECTRICOS
438,526008,REPARACION Y MANTENIMIENTO DE PERSIANAS Y CORTINAS
439,526010,INSTALACION Y MANTENIMIENTO DE PERSIANAS Y CORTINAS
440,526011,REPARACION Y MANTENIMIENTO DE EQUIPO PARA TELECOMUNICACIONES
441,526012,"INSTALACION Y MANTENIMIENTO DE PISCINAS, JACUZZIS Y SIMILARES"
442,551002,HOTEL
443,551004,"MOTEL Y/O SERVICIO DE HABITACION OCASIONAL, ALBERGUES, POSADAS Y SIMILARES"
444,551005,SERVICIO DE SALAS VIP Y PREMIUN EN AEROPUERTOS
445,552001,"BARES, CANTINAS o TABERNAS"
446,552002,CAFETERÍAS
447,552003,SERVICIOS DE CATERING SERVICE
448,552004,"SERVICIO DE RESTAURANTE, CAFETERIAS, SODAS Y OTROS EXPENDIOS DE COMIDA"
449,552005,SODAS
450,552007,OTROS EXPENDIOS DE COMIDAS
451,601001,SERVICIO DE TRANSPORTE POR VÍA FÉRREA
452,602001,SERVICIO DE TRANSPORTE DE CARGA POR VÍA TERRESTRE
453,602002,TRANSPORTE DE PRODUCTOS DERIVADOS DEL PETROLEO
454,602101,TRANSPORTE REGULAR DE ESTUDIANTES Y EMPLEADOS POR VIA TERRESTRE
455,602102,TRANSPORTE REGULAR DE PASAJEROS POR VIA TERRESTRE
456,602201,TRANSPORTE NO REGULAR DE PASAJEROS POR VIA TERRESTRE (EXCURSIONES)
457,602202,SERVICIO DE TAXI
458,602203,SERVICIO ESPECIAL ESTABLE DE TAXI (SEETAXI)
459,602301,SERVICIO DE ACARREO Y DISTRIBUCION DE TODO TIPO DE MERCANCIA (INCLUYE LA MUDANZA
460,602302,SERVICIOS DE GRUA
461,602304,SERVICIO DE MUDANZA INTERNACIONAL
462,603001,SERVICIO DE TRANSPORTE POR TUBERÍAS
463,611001,TRANSPORTE DE CARGA POR VIA ACUATICA
464,611002,TRANSPORTE DE CABOTAJE DE PASAJEROS POR VIA ACUATICA
465,621001,SERVICIO DE TRANSPORTE DE CARGA POR VIA AEREA
466,621002,SERVICIO DE TRANSPORTE AEREO REGULADO DE PASAJEROS (LINEAS AEREAS)
467,621003,SERVICIO DE PILOTAJE
472,622001,SERVICIO DE TRANSPORTE AEREO NO REGULAR DE PASAJEROS
473,630001,PRESTACION DE SERVICIOS DE TRANSITO AEREO
474,630101,SERVICIO DE CONSOLIDACION DE CARGA Y DESCARGA
475,630201,SERVICIOS DE ALMACENAJE
476,630301,PARQUEOS/ESTACIONAMIENTO DE VEHÍCULOS
477,630302,"FUNCIONAMIENTO DE INSTALACIONES TERMINALES COMO PUERTOS, MUELLES Y AEROPUERTOS"
478,630303,PERMISO DE PASO POR PROPIEDADES PRIVADAS (PEAJE)
479,630401,ACTIVIDADES DE AGENCIAS DE VIAJES
480,630403,ACTIVIDADES DE OPERADORES TURÍSTICOS (GUIA DE TURISMO)
481,630405,EXPLOTACIÓN DE ACTIVIDADES TURÍSTICAS(CUYA PRESTACION NO SEA REALIZADA POR UN CE
482,630901,ALMACENES FISCALES (DEPOSITOS ADUANEROS) Y ESTACIONAMIENTOSTRANSITORIOS
483,630903,AGENCIA DE TRANSPORTE (NAVIERA)
484,630904,AGENTE ADUANERO INDEPENDIENTE Y AGENCIA DE ADUANAS
485,641101,ACTIVIDADES POSTALES Y DE CORREO
486,642001,"SERVICIOS DE RADIO-MENSAJES, RADIOLOCALIZADORES Y SIMILARES"
487,642002,"SERVICIO DE TELEVISION POR CABLE, SATELITE U OTROS SISTEMA S SIMILARES"
488,642003,MANTENIMIENTO DE REDES DE TELECOMUNICACION
489,642004,SERVICIO DE RADIO FRECUENCIA
490,642005,"SERVICIOS TELEFONICOS, TELEGRAFICOS Y POR TELEX"
491,642007,VENTA DE ESPACIO EN EL CABLE SUBMARINO
492,642008,"SERVICIO DE TRANSMISION DE DATOS, TEXTO, SONIDO, VOZ Y VIDEO POR MEDIO DE LA"
493,642009,SERVICIOS DIGITALES 0 DE TELECOMUNICACIONES E INTANGIBLES PRESTADOS DESDE EL EXTERIOR
494,651101,BANCA CENTRAL
495,651901,COOPERATIVAS DE AHORRO Y CREDITO
496,651903,BANCOS ESTATALES (EXCEPTO EL BANCO CENTRAL)
497,651904,ENTIDADES FINANCIERAS PRIVADAS (BANCOS)
498,651905,SERVICIO DE ENVIO Y RECIBO DE DINERO
499,651906,INSTITUCIONES DE AHORRO Y CREDITO PARA VIVIENDA
500,659101,ARRENDAMIENTO OPERATIVO EN FUNCION FINANCIERA CON OPCION DECOMPRA 0 RENOVACION (
501,659201,ENTIDADES FINANCIERAS DISTINTAS AL SISTEMA BANCARIO NACIONAL
502,659202,EMISORAS Y PROCESADORAS DE TARJETAS DE CREDITO
503,659901,SERVICIO DE PRESTAMO (PRESTAMISTAS)
504,659902,FIDEICOMISOS Y/O ADMINISTRADORES DE FONDOS DE INVERSION
505,659903,SOCIEDADES DE INVERSION MOBILIARIA
506,659904,SERVICIO RECUPERACION DE DEUDAS (FACTORE0)
507,659905,FONDOS DE INVERSION
508,659906,ACTIVIDADES DE SOCIEDADES DE CARTERA (HOLDING)
509,659907,INGRESOS POR INTERESES DIFERENTES AL COMERCIO DEL PRESTAMO
510,659908,FONDOS DE LA LEY DEL SISTEMA DE BANCA PARA EL DESARROLLO
511,659909,FIDEICOMISOS DE LA LEY DEL SISTEMA DE BANCA PARA EL DESARROLLO
512,660101,SEGUROS DE VIDA
513,660201,OPERADORAS DE PENSIONES
514,660202,FONDOS DE OPERADORAS DE PENSIONES EXENTOS DEL 8%
515,660301,AGENTES DE SEGUROS
516,660302,COMERCIALIZADORES DE SEGUROS
517,660303,SEGUROS GENERALES
518,671101,ADMINISTRACIÓN DE MERCADOS FINANCIEROS
519,671201,CORREDORES DE BOLSA
520,671202,PUESTOS DE BOLSA
521,671901,PUESTOS Y/O CASAS DE CAMBIO DE MONEDA EXTRANJERA
522,671902,ASESORES FINANCIEROS Y ACTIVIDADES AUXILIARES DE LA INTERMEDICIACION FINANCIERA
523,672001,ACTIVIDADES AUXILIARES DE LA FINANCIACIÓN DE PLANES DE SEGUROS Y DE PENSIONES
524,701001,ACTIVIDADES INMOBILIARIAS (ALQUILER DE VIVIENDA SUPERIOR A 1.5 SALARIO BASE)
525,701002,ALQUILER DE LOCALES COMERCIALES Y CENTROS COMERCIALES
526,701003,COMPRA Y VENTA DE PROPIEDADES (INVERSIONISTAS)
527,701004,ALQUILER DE EDIFICIOS Y PROPIEDADES DIFERENTES A CASAS DE HABITACION
528,701005,ALQUILER DE MARCAS REGISTRADAS
529,701006,"ALQUILER DE PATENTES (DE LICORES, UNICAMENTE)"
530,701007,EXPLOTACION DE FRANQUICIAS
531,701008,ACTIVIDADES INMOBILIARIAS (ALQUILER DE VIVIENDA INFERIOR A 1.5 SALARIO BASE)
532,702001,AGENTES O CORREDORES DE BIENES RAICES
533,702003,"ADMINISTRACIÓN, MANTENIMIENTO, REPARACIÓN Y LIMPIEZA DE LOS SERVICIOS Y BIENES COMUNES DE LA PROPIEDAD ENCONDOMINIO"
534,711101,ALQUILER DE AUTOMOVILES DE TODO TIPO
535,711102,ALQUILER DE MOTOCICLETA/SERVICIO
536,711103,"ALQUILER DE EQUIPO DE TRANSPORTE POR VIA TERRESTRE, ACUATICA O AEREA"
537,711105,ALQUILER DE CARRITOS DE GOLF Y OTROS
538,712101,ALQUILER DE MAQUINARIA Y EQUIPO PARA USO AGRICOLA
539,712201,ALQUILER DE MAQUINARIA Y EQUIPO DE CONSTRUCCIÓN E INGENIERÍA CIVIL
540,712301,SERVICIOS DE INTERNET EN LOCALES PUBLICOS (CAFE INTERNET)
541,712302,ALQUILER DE MAQUINARIA Y EQUIPO DE OFICINA
542,712901,ALQUILER DE MáQUINAS EXPENDEDORAS DE ALIMENTOS Y OTROS
543,712902,ALQUILER DE MAQUINAS DE ENTRETENIMIENTO (CON MONEDAS)
544,712904,ALQUILER DE PELICULAS CINEMATOGRAFICAS (VIDEO CLUB) Y/O VIDEO JUEGOS
545,712905,"ALQUILER DE EQUIPO PARA RADIO, TELEVISIÓN Y COMUNICACIONES"
550,712906,ALQUILER DE EQUIPO PARA DISPENSAR BILLETES (CAJERO AUTOMá-TICO)
551,712907,ALQUILER MAQUINARIA Y EQUIPO PARA LA ELABORACION Y/O MANTENIMIENTO DE PRODUCTOS
552,712909,ALQUILER DE OTROS TIPOS DE MAQUINARIA Y EQUIPO PARA USO COMERCIAL
553,712910,ALQUILER DE MAQUINARIA Y/O EQUIPO PARA USO INDUSTRIAL
554,712911,ALQUILER DE RAMPAS Y SIMILARES
555,713001,ALQUILER DE MENAJE
556,713002,ALQUILER DE EQUIPO RECREATIVO Y DEPORTIVO
557,713003,ALQUILER DE EQUIPO MEDICO Y ARTICULOS CONEXOS
558,713012,ALQUILER DE TRAJES DE TODO TIPO
559,713013,ALQUILER DE EQUIPO Y UTENSILIOS PARA EVENTOS ESPECIALES
560,713053,"ALQUILER DE ANIMALES (CABALLOS, SERPIENTES, ETC)"
561,721001,CONSULTORES INFORMÁTICOS
562,722003,"DISEÑADOR GRAFICO, DE SOFWARE Y PAGINAS WEB"
563,723001,PROCESAMIENTO DE DATOS
564,724001,ACTIVIDADES RELACIONADAS CON BASES DE DATOS
565,725001,REPARACION DE EQUIPO DE COMPUTO
566,725002,MANTENIMIENTO DE EQUIPO DE COMPUTO
567,725003,"REPARACIÓN CAJAS REGISTRADORAS, CALCULADORAS, MAQUINAS DE CONTABILIDAD Y EQUIPO"
568,725004,"MANTENIMIENTO DE CAJAS REGISTRADORAS, CALCULADORAS, MAQUINAS DE CONTABILIDAD"
569,729001,OTRAS ACTIVIDADES DE INFORMÁTICA
570,731001,INVESTIGACION Y DESARROLLO EXPERIMENTAL EN EL CAMPO DE LAS CIENCIAS NATURALES
571,731003,METEOROLOGO POR CUENTA PROPIA
572,732001,INVESTIGACIONES Y DESARROLLO EXPERIMENTAL EN El CAMPO DE LAS CIENCIAS SOCIALES
573,741101,"BUFFETE DE ABOGADO, NOTARIO, ASESOR LEGAL"
574,741203,"ACTVIDAD DE CONTABILIDAD (CONTADORES), TENEDURIA DE LIBROS,AUDITORIA Y ASESOR FINANCIERO"
575,741301,ASESORES EN MERCADEO Y VENTAS
576,74130,2 ENCUESTAS DE OPINIÓN PúBLICA
577,741401,ECONOMISTAS
578,741402,ASESORAMIENTO EMPRESARIAL Y EN MATERIA DE GESTIÓN (HANDLING)
579,741407,ASESOR ADUANERO
580,741408,"CORRESPONSAL DE RADIO, TELEVISION Y PRENSA ESCRITA"
581,742102,ACTIVIDADES DE ARQUITECTURA E INGENIERÍA
582,742105,SERVICIOS DE CONSULTORIA EN MANTENIMIENTO INDUSTRIAL Y MECANICO
583,742107,QUIMICOS
584,742108,ACTIVIDADES DE GEOGRAFIA Y/O GEOLOGIA
585,742110,BIOLOGO POR CUENTA PROPIA
586,74211,2 DIBUJANTE ARQUITECTONICO Y/O PLANOS DE CONSTRUCCION
587,742201,ENSAYOS Y ANALISIS TÉCNICOS
588,742202,PROFESIONALES EN TECNOLOGIA DE ALIMENTOS
589,743001,PUBLICIDAD
590,743004,SERVICIOS DE PUBLICIDAD
591,743005,ALQUILER DE ESPACIOS PUBLICITARIOS
592,743006,PUBLICIDAD A TRAVES DE MEDIOS ELECTRONICOS
593,749101,SERVICIOS DE ADMINISTRACIÓN DE PERSONAL
594,749102,SERVICIOS DE BIBLIOTECOLOGIA
595,749201,"SERVICIOS DE INVESTIGACION, SEGURIDAD PRIVADA, AGENCIAS Y CONSULTORES"
596,749204,INSTRUCTOR DE TIRO (MANEJO DE ARMAS).
597,749301,SERVICIOS DE FUMIGACIÓN (NO AGRÍCOLA)
598,749302,SERVICIOS DE LIMPIEZA (INTERIORES Y EXTERIORES)
599,749401,ESTUDIOS FOTOGRAFICOS
600,749402,SERVICIO DE FOTOGRAFIA (FOTOGRAFO)
601,749501,SERVICIOS DE ENVASE Y EMPAQUE
602,749901,SERVICIO DE FOTOCOPIADO Y OTROS
603,749902,SERVICIOS DE LEVANTADO DE TEXTO Y/O CORRECCION DE TEXTOS Y OTROS
604,749903,SERVICIOS SECRETARIALES Y/O OFICINISTA
605,749904,SERVICIO DE DISEÑO O DECORACION DE INTERIORES (POR CUENTA PROPIA).
606,749905,SERVICIO DE CONTESTACIÓN DE TELéFONOS (CALL CENTER)
607,749906,SERVICIOS DE TRADUCTOR
608,749907,SERVICIO DE INSPECCION DE TODO TIPO DE MERCADERIAS Y ACTIVOS(INCLUYE DROGAS)
609,749908,SERVICIO DE RECOLECCION DE MONEDAS DE LOS TELEFONOS PUBLICOS
610,749911,AGENCIAS FOTOGRAFICAS POR CATALOGO
611,749914,SERVCICIO DE COBRANZA DE RECIBOS PUBLICOS Y OTROS
612,749917,MODELAJE PROFESIONAL (MODELO)
613,749918,AGENCIAS DE COBRO Y CALIFICACION CREDITICIA
614,751101,ACTIVIDADES DE LA ADMINISTRACION PUBLICA EN GENERAL
615,751102,"ACTIVIDADES DE LA ADMINISTRACIÓN PÚBLICA EN GENERAL, NO SUJETAS AL IMPUESTO SOBR"
616,751103,MUNICIPALIDADES Y CONCEJOS DE DISTRITO
617,751106,ACTIVIDADES DE LA ADMINISTRACION PUBLICA EN GENERAL GRAVADAS CON IVA
618,751201,"JUNTAS DE EDUCACIÓN, COMEDORES ESCOLARES, PATRONATOS, COOPERATIVAS ESCOLARES, CO"
619,751202,COMITES CANTONALES DE DEPORTES Y RECREACION
620,751301,ACTIVIDADES DEL SECTOR PúBLICO RELACIONADAS CON LA INFRAESTRUCTURA
621,751302,FONDOS PUBLICOS (ACTIVIDADES DEL SECTOR PUBLICO)
622,751401,ACTIVIDADES DE SERVICIOS AUXILIARES PARA LA ADMINISTRACIÓN PÚBLICA EN GENERAL
623,752101,RELACIONES EXTERIORES
624,752201,ACTIVIDADES DE DEFENSA
629,752301,ACTIVIDADES DE MANTENIMIENTO DEL ORDEN PÚBLICO Y DE SEGURIDAD
630,752302,"SERVICIOS DE VIGILANCIA O CONTROL PORTUARIA, COSTERA, AEREA,Y FRONTERIZA"
631,753001,ACTIVIDADES DE PLANES DE SEGURIDAD SOCIAL DE AFILIACIÓN OBLIGATORIA
632,801001,ENSEÑANZA PREESCOLAR Y PRIMARIA PRIVADA
633,801002,ENSEÑANZA PREESCOLAR Y PRIMARIA PRIVADA NO AUTORIZADOS POR EL MEP
634,802101,ENSEÑANZA SECUNDARIA PRIVADA
635,802102,ENSEÑANZA SECUNDARIA PRIVADA NO AUTORIZADA POR EL MEP
636,802201,ENSEÑANZA DE FORMACIÓN TÉCNICA Y PARAUNIVERSITARIA
637,802202,ENSEÑANZA SECUNDARIA DE FORMACIÓN TÉCNICA Y PROFESIONAL NO AUTORIZADA POR EL MEP
638,803002,ENSEÑANZA SUPERIOR PRIVADA (UNIVERSIDADES)
639,803003,ENSEÑANZA SUPERIOR PUBLICA (UNIVERSIDADES)
640,809001,ESCUELAS COMERCIALES (NO ESTATALES)
641,809004,PROFESOR POR CUENTA PROPIA
642,809005,ENSEÑANZA CULTURAL
643,809006,ENSEÑANZA DE LA DE SEGURIDAD PRIVADA
644,809007,ESCUELA Y AGENCIA DE MODELOS
645,851101,ACTIVIDADES DE HOSPITALES
646,851201,GINECÓLOGO
647,851202,SERVICOS DE MÉDICO GENERAL
648,851203,NEURÓLOGOS
649,851204,"SERVICIOS DE OFTALMOLOGO U OCULISTA, OPTOMETRISTA Y/O OPTICO"
650,851206,ORTOPEDISTA (CONSULTA PRIVADA)
651,851207,SERVICIOS DE ODONTOLOGO Y CONEXOS
652,851208,"OTORRINOLARINGOLOGIA, AUDIOLOGÍA Y SERVICIOS CONEXOS."
653,851209,FARMACEUTICO O BOTICARIO
654,851210,CARDIOLOGOS
655,851212,ONCOLOGOS
656,851213,REUMATOLOGO
657,851901,MEDICINA ALTERNATIVA
658,851902,FÍSICO TERAPISTA
659,851905,PSICOLOGO
660,851906,PSIQUIATRÍA
661,851907,SERVICIOS DE ENFERMERÍA
662,851908,LABORATORIOS MÉDICOS CLÍNICOS
663,851909,"SERVICIOS DE RADIOLOGÍA, ANESTESIOLOGIA Y OTROS"
664,851910,TRANSPORTE EN AMBULANCIA TERRESTRE Y AEREO (SERVICIO PRIVADO)
665,851911,PROFESIONALES EN SALUD OCUPACIONAL
666,851912,NUTRICIONISTA
667,851913,PROFESIONALES EN EDUCACION ESPECIAL
668,851914,SERVICIOS DE PARAMEDICOS
669,851915,SERVICIOS DE ESTERILIZACIÓN DE PRODUCTOS MÉDICOS Y FARMACÉUTICOS
670,851916,OTRAS ACTIVIDADES RELACIONADAS CON LA SALUD HUMANA(BANCO DE SANGRE...)
671,851917,CIRUJANO PLÁSTICO
672,853101,FUNDACIONES DE BIEN SOCIAL
673,853102,FUNDACIONES DE SERVICIO SOCIAL (PRIVADAS)
674,853103,RESIDENCIAS UNIVERSITARIAS CON SERVICIOS INTEGRADOS
675,853201,GUARDERIAS/CENTROS INFANTILES Y SERVICIOS SOCIALES
676,853202,SERVICIOS SOCIALES DE REDES DE CUIDO Y CENTROS DE ATENCIÓN DE ADULTOS MAYORES
677,853301,ASOCIACIONES DECLARADAS DE UTILIDAD PUBLICA POR EL PODER EJECUTIVO
678,900001,"ASESORAMIENTO Y ELIMINACION DE DESPERDICIOS, SANEAMIENTO (EXCEPTO LIMPIEZA DE TANQUES)"
679,900002,LIMPIEZA DE TANQUES SEPTICOS Y AGUAS REDISUALES
680,911101,ACTIVIDADES DE ORGANIZACIONES EMPRESARIALES Y DE EMPLEADORES
681,911102,CAMARAS DE COMERCIO
682,911201,ACTIVIDADES DE ORGANIZACIONES PROFESIONALES
683,912001,ASOCIACIONES SOLIDARISTAS
684,912002,ACTIVIDADES DE SINDICATOS
685,919101,ACTIVIDADES DE ORGANIZACIONES RELIGIOSAS
686,919201,ACTIVIDADES DE ORGANIZACIONES POLÍTICAS
687,919901,ASOCIACION DE DESARROLLO COMUNAL Y/O SERVICIOS COMUNITARIOS
688,919903,"ASOCIACIONES O ENTIDADES CON FINES CULTURALES, SOCIALES, RECREATIVOS, ARTESANALE"
689,919906,ASOCIACIONES ADMINISTRADORAS DE LOS SISTEMAS DE ACUEDUCTOS Y ALCANTARILLADOS (ASADAS)
690,921101,ACTIVIDADES PRODUCCION POSTPRODUCCION Y DISTRIBUCION DE PELICULAS CINEMATOGRAFIC
691,921201,EXHIBICIÓN DE FILMES Y VIDEOCINTAS (SALAS DE CINE)
692,921301,TRANSMISIONES DE RADIO
693,921302,PROGRAMACIÓN Y TRANSMISIONES DE TELEVISIÓN
694,921303,TRANSMISIONES DE RADIO CULTURALES SEGÚN LEY GENERAL DE TELECOMUNICACIONES
695,921401,TEATROS (EXPLOTACION)
696,921402,ACTIVIDADES MUSICALES Y ARTÍSTICAS (SERVICIOS)
697,921403,PERIODISTA POR CUENTA PROPIA
698,921501,CANALES DE TELEVISIÓN
699,921902,"VENTA AL POR MENOR DE DISCOS, GRABACIONES DE MUSICA Y DE VIDEO"
700,921903,SALÓN DE BAILE Y DISCOTECA
701,921904,SALON DE PATINES
702,922001,ACTIVIDADES DE AGENCIAS DE NOTICIAS
703,923101,ACTIVIDADES DE BIBLIOTECAS Y ARCHIVOS
708,923201,GALERIAS DE ARTE
709,923202,SERVICIOS DE RESTAURACION DE OBRAS DE ARTE
710,923301,"ACTIVIDADES DE JARDINES BOTANICOS, ZOOLOGICOS, PARQUES NACIONALES Y RESERVAS NACIONALES"
711,924101,GIMNASIOS
712,924102,EXPLOTACIÓN DE PISCINAS 0 ALBERCAS DE BANO
713,924103,"ENTRENADOR, INSTRUCTORES Y/O PREPARADORES FISICOS POR CUENTA PROPIA"
714,924104,ACTIVIDADES DE ESCUELAS Y CLUBES DEPORTIVOS
715,924105,EXPLOTACION DE INSTALACIONES Y CAMPOS DEPORTIVOS
716,924106,ACTIVIDADES DEPORTIVAS Y OTRAS POR CUENTA PROPIA
717,924107,ESPECTÁCULOS DEPORTIVOS
718,924901,NIGHT CLUB/CABARETTE
719,924902,EXPLOTACIÓN DE CASINOS (INCLUYE MESAS DE JUEGOS Y MAQUINAS TRAGAMONEDAS)
720,924903,PESCA DEPORTIVA
721,924904,"ACTIVIDADES DE JUEGOS DE BILLAR, POOL Y OTROS SIMILARES"
722,924905,SALA DE VIDEO JUEGOS
723,924906,"GRABACIÓN DE SONIDO (MUSICA, ETC.) EN DISCOS GRAMOFONICOS YEN CINTA MAGNETOFONIC"
724,924907,SERVICIO DE ENLACE DE LLAMADAS Y CASAS DE APUESTAS ELECTRONICAS (SPORTBOOKS)
725,924908,ESPECTACULOS PUBLICOS EN GENERAL EXCEPTO LOS DEPORTIVOS Y EL TEATRO
726,924909,OTRAS ACTIVIDADES DE ESPARCIMIENTO
727,924910,EXPLOTACIÓN DE JUEGOS DE ÁZAR NO ELECTRÓNICOS (INCLUYE MÁQUINAS TRAGAMONEDAS
728,930101,SERVICIOS DE LAVANDERÍA DE TODO TIPO
729,930102,SERVICIO DE TENIDO DE PRENDAS DE VESTIR
730,930103,SERVICIO DE LIMPIEZA Y LAVADO DE MUEBLES
731,930202,"SALONES DE BELLEZA, PELUQUERIA Y BARBERIA"
732,93030,1 SERVICIOS FUNEBRES Y ACTIVIDADES CONEXAS
733,930302,CEMENTERIO PUBLICO (JUNTA ADMINISTRATIVA)
734,930303,CEMENTERIO 0 CAMPOSANTO PRIVADO
735,930901,SALAS DE MASAJES
736,930903,OTRAS ACTIVIDADES DE SERVICIOS PERSONALES N.C.P.
737,930904,CENTRO o SALA DE BRONCEADO
738,930905,PELUQUERÍA Y SALA DE ESTÉTICA PARA ANIMALES
739,930906,SERVICIO DE TATUAJE Y PIERCING
740,930907,SERVICIO DE DISCO MOVIL
741,930908,SERVICIO DE HERRADURA
742,930915,ALBERGUE Y CUIDO DE ANIMALES A DOMICILIO
743,950001,HOGARES PRIVADOS CON SERVICIO DOMESTICO
744,960104,IMPUESTO A LAS PERSONAS JURIDICAS
745,960105,ACTIVIDADES PREOPERATIVAS O DE ORGANIZACION
746,960106,EXPORTADORES DE MERCANCIAS EXENTAS DEL IMPUESTO DE VENTAS
747,960107,PRODUCTORES DE MERCANCIAS EXENTAS DEL IMPUESTO DE VENTAS
748,960108,COMERCIALIZADORES DE MERCANCIAS EXENTAS DEL IMPUESTO DE VENTAS
749,960109,DISTRIBUIDORES DE MERCANCIAS EXENTAS DEL IMPUESTO DE VENTAS
750,990001,"ACTVIDADES DE ORGANIZACIONES Y ORGANOS EXTRATERRITORIALES, INCLUYE LAS EMBAJADAS"
