start_id,end_id,company_id,profile_id,type
2,PENDING_VERIFICATION,2,52,ASSOCIATED_WITH
4,ADMIN,4,5,ASSOCIATED_WITH
5,PENDING_VERIFICATION,3,3,ASSOCIATED_WITH
53,ADMIN,52,103,ASSOCIATED_WITH
202,PENDING_VERIFICATION,102,206,ASSOCIATED_WITH
203,PENDING_VERIFICATION,103,207,ASSOCIATED_WITH
252,PENDING_VERIFICATION,152,253,ASSOCIATED_WITH
253,ADMIN,153,208,ASSOCIATED_WITH
254,PENDING_VERIFICATION,154,254,ASSOCIATED_WITH
305,ADMIN,204,303,ASSOCIATED_WITH
352,ADMIN,252,54,ASSOCIATED_WITH
502,PENDING_VERIFICATION,402,502,ASSOCIATED_WITH
503,ADMIN,403,255,ASSOCIATED_WITH
504,PENDING_VERIFICATION,404,503,ASSOCIATED_WITH
552,EMPLOYEE,204,258,ASSOCIATED_WITH
602,PENDING_VERIFICATION,502,305,ASSOCIATED_WITH
604,PENDING_VERIFICATION,452,552,ASSOCIATED_WITH
752,EMPLOYEE,252,756,ASSOCIATED_WITH
753,SENIOR_EMPLOYEE,252,802,ASSOCIATED_WITH
754,EMPLOYEE,252,803,ASSOCIATED_WITH
854,ADMIN,752,805,ASSOCIATED_WITH
952,PENDING_VERIFICATION,5,58,ASSOCIATED_WITH
1202,PENDING_VERIFICATION,802,309,ASSOCIATED_WITH
1302,SENIOR_EMPLOYEE,302,1302,ASSOCIATED_WITH
1303,EMPLOYEE,302,1303,ASSOCIATED_WITH
1352,PENDING_VERIFICATION,852,1353,ASSOCIATED_WITH
1356,EMPLOYEE,5,306,ASSOCIATED_WITH
1402,PENDING_VERIFICATION,203,302,ASSOCIATED_WITH
1502,SENIOR_EMPLOYEE,5,1602,ASSOCIATED_WITH
1503,SENIOR_EMPLOYEE,5,1603,ASSOCIATED_WITH
1504,EMPLOYEE,5,1604,ASSOCIATED_WITH
1505,EMPLOYEE,5,1605,ASSOCIATED_WITH
1506,EMPLOYEE,5,1606,ASSOCIATED_WITH
1507,EMPLOYEE,5,1607,ASSOCIATED_WITH
1508,SENIOR_EMPLOYEE,5,1608,ASSOCIATED_WITH
1552,SENIOR_EMPLOYEE,5,1653,ASSOCIATED_WITH
1553,SENIOR_EMPLOYEE,5,1654,ASSOCIATED_WITH
1554,EMPLOYEE,5,1655,ASSOCIATED_WITH
1555,SENIOR_EMPLOYEE,5,1656,ASSOCIATED_WITH
1556,SENIOR_EMPLOYEE,5,1658,ASSOCIATED_WITH
1602,PENDING_VERIFICATION,602,356,ASSOCIATED_WITH
1702,EMPLOYEE,5,1752,ASSOCIATED_WITH
1752,EMPLOYEE,5,1802,ASSOCIATED_WITH
1753,EMPLOYEE,5,1803,ASSOCIATED_WITH
1754,SENIOR_EMPLOYEE,5,1804,ASSOCIATED_WITH
1802,SENIOR_EMPLOYEE,5,1852,ASSOCIATED_WITH
1803,SENIOR_EMPLOYEE,5,1853,ASSOCIATED_WITH
1804,SENIOR_EMPLOYEE,5,1854,ASSOCIATED_WITH
1852,SENIOR_EMPLOYEE,5,1902,ASSOCIATED_WITH
1853,SENIOR_EMPLOYEE,5,1903,ASSOCIATED_WITH
1854,SENIOR_EMPLOYEE,5,1904,ASSOCIATED_WITH
1902,SENIOR_EMPLOYEE,5,2052,ASSOCIATED_WITH
1903,SENIOR_EMPLOYEE,5,2053,ASSOCIATED_WITH
1904,SENIOR_EMPLOYEE,5,2054,ASSOCIATED_WITH
1952,SENIOR_EMPLOYEE,5,2152,ASSOCIATED_WITH
1953,EMPLOYEE,5,2154,ASSOCIATED_WITH
1954,EMPLOYEE,5,2155,ASSOCIATED_WITH
1955,SENIOR_EMPLOYEE,5,2156,ASSOCIATED_WITH
2003,EMPLOYEE,5,2202,ASSOCIATED_WITH
2052,EMPLOYEE,5,2302,ASSOCIATED_WITH
2102,PENDING_VERIFICATION,1052,202,ASSOCIATED_WITH
2152,EMPLOYEE,52,2554,ASSOCIATED_WITH
2153,SENIOR_EMPLOYEE,52,2555,ASSOCIATED_WITH
2202,EMPLOYEE,5,2602,ASSOCIATED_WITH
2203,EMPLOYEE,5,2603,ASSOCIATED_WITH
2307,PENDING_VERIFICATION,1157,2754,ASSOCIATED_WITH
2353,PENDING_VERIFICATION,1254,2804,ASSOCIATED_WITH
2354,PENDING_VERIFICATION,1253,2803,ASSOCIATED_WITH
2355,PENDING_VERIFICATION,1255,2805,ASSOCIATED_WITH
2406,PENDING_VERIFICATION,1302,2852,ASSOCIATED_WITH
2548,PENDING_VERIFICATION,602,356,ASSOCIATED_WITH
2554,PENDING_VERIFICATION,952,402,ASSOCIATED_WITH
2658,PENDING_VERIFICATION,1352,2952,ASSOCIATED_WITH
2662,PENDING_VERIFICATION,1353,107,ASSOCIATED_WITH
2669,PENDING_VERIFICATION,5,58,ASSOCIATED_WITH
2803,PENDING_VERIFICATION,1402,3052,ASSOCIATED_WITH
2805,PENDING_VERIFICATION,202,56,ASSOCIATED_WITH
2807,PENDING_VERIFICATION,302,307,ASSOCIATED_WITH
2808,PENDING_VERIFICATION,1102,1102,ASSOCIATED_WITH
3002,EMPLOYEE,204,3552,ASSOCIATED_WITH
